block_day,deposit_apr,var_borrow_apr,stab_borrow_apr,deposit_apy,var_borrow_apy,stab_borrow_apy
2023-07-04T00:00:00+00:00,0.013431277444258911,0.03284117983990746,0.05404334719990259,0.013521882239879764,0.03338640359589668,0.0555303553998766
2023-07-03T00:00:00+00:00,0.013688923296022643,0.033099171020189076,0.054314916863356925,0.013783045590780639,0.033653042567341133,0.05581704434901462
2023-07-02T00:00:00+00:00,0.01649840871719727,0.03570465153010034,0.057057527926421416,0.016635259026176588,0.036349716961569495,0.05871671436624313
2023-07-01T00:00:00+00:00,0.018281671728602674,0.03734567075452837,0.05878491658371407,0.018449804503745643,0.03805178294790101,0.06054711005379943
2023-06-30T00:00:00+00:00,0.01754267770010882,0.03669777724436375,0.05810292341511974,0.01769745420575172,0.037379453757681466,0.05982407075306679
2023-06-29T00:00:00+00:00,0.016813933187168395,0.03605015628387974,0.05742121714092604,0.01695608293850112,0.0367078425784392,0.05910182824241155
2023-06-28T00:00:00+00:00,0.016946480316777965,0.03616910967224927,0.0575464312339466,0.017090886481875463,0.0368311698238734,0.05923445101995672
2023-06-27T00:00:00+00:00,0.017044564747494245,0.03625705937865114,0.05763900987226436,0.017190652155058633,0.036922362830883314,0.059332518042297965
2023-06-26T00:00:00+00:00,0.016749151698010438,0.035991664674638595,0.057359647025935365,0.01689020514292907,0.03664720564187642,0.05903662122860077
2023-06-25T00:00:00+00:00,0.016846134819603644,0.03607796039737055,0.05745048462881111,0.016988831111738708,0.03673666772164502,0.059132825945892475
2023-06-24T00:00:00+00:00,0.016854647914358634,0.03608664725047929,0.05745962868471504,0.016997488870870218,0.03674567373989658,0.05914251075992414
2023-06-23T00:00:00+00:00,0.016915976877387644,0.036141669267337063,0.05751754659719691,0.017059862184858162,0.036802719147131284,0.05920385585952924
2023-06-22T00:00:00+00:00,0.016609731989944327,0.03586556784260984,0.057226913518536676,0.016748440490090624,0.03651649595467436,0.05889606091239505
2023-06-21T00:00:00+00:00,0.015691519996994783,0.035020264252350206,0.0563371202656318,0.015815278364588726,0.03564069505123829,0.05795428140022761
2023-06-20T00:00:00+00:00,0.01512348235138437,0.03449049603785463,0.055779469513531195,0.015238420899662429,0.035092190832845094,0.057364476868320066
2023-06-19T00:00:00+00:00,0.014440340823834209,0.03383508859584448,0.05508956694299419,0.014545106217295134,0.03441400597651897,0.05663524997569372
2023-06-18T00:00:00+00:00,0.013893270763486395,0.03330229071521136,0.05452872706864354,0.013990230756775215,0.03386301918235628,0.056042812942576965
2023-06-17T00:00:00+00:00,0.014245487005426568,0.03364381430218946,0.054888225581252066,0.01434743748837054,0.034216168089644824,0.05642252701165405
2023-06-16T00:00:00+00:00,0.017055291250370495,0.036260860920951356,0.05764301149573827,0.017201563112026873,0.03692630474259579,0.059336757100642644
2023-06-15T00:00:00+00:00,0.017366501886549562,0.036539388254626326,0.05793619816276455,0.017518176321576314,0.037215157285936766,0.05964738604705383
2023-06-14T00:00:00+00:00,0.01785966171655212,0.03697857571809349,0.05839850075588788,0.018020099166075,0.03767078922599806,0.06013737703384097
2023-06-13T00:00:00+00:00,0.018214124671693508,0.0372817215473682,0.05871760162880863,0.018381013540221224,0.03798540248198054,0.060475721775820376
2023-06-12T00:00:00+00:00,0.018363872519955138,0.03741782589543184,0.05886086936361246,0.01853352532449169,0.038126686422778826,0.06062766461400363
2023-06-11T00:00:00+00:00,0.018260135966626265,0.03732898295171506,0.05876735047548953,0.018427871647354873,0.03803446028899664,0.0605284805321463
2023-06-10T00:00:00+00:00,0.01838784486382575,0.03743718069295386,0.05888124283468827,0.018557942253054623,0.03814677934901953,0.060649273501133784
2023-06-09T00:00:00+00:00,0.018283032234202194,0.03734626203961851,0.058785538989072114,0.018451190111349262,0.0380523967326238,0.060547770144207376
2023-06-08T00:00:00+00:00,0.019676673415246055,0.038525314614536406,0.0600266469626699,0.019871535125681305,0.03927703689811717,0.061864841580501886
2023-06-07T00:00:00+00:00,0.02087484505902598,0.039508257928373675,0.061061324135130185,0.02109424864263446,0.04029908953911086,0.06296409747963777
2023-06-06T00:00:00+00:00,0.022590869163472208,0.04086184550431412,0.062486153162435915,0.02284797527323788,0.04170817890796477,0.06447971907215141
2023-06-05T00:00:00+00:00,0.02302998470930641,0.041209147171494556,0.06285173386473111,0.02329722234834901,0.042070028726629655,0.06486894345678232
2023-06-04T00:00:00+00:00,0.02323720829012807,0.041369316161478445,0.06302033280155625,0.02350929563538739,0.04223694939780554,0.06504849436376961
2023-06-03T00:00:00+00:00,0.02339026967402513,0.041487200442738945,0.06314442151867257,0.02366596737438375,0.042359819993440656,0.06518066306499018
2023-06-02T00:00:00+00:00,0.02365154641207549,0.041692096037590845,0.06336010109220089,0.02393346242258808,0.0425734168103024,0.06541042555231678
2023-06-01T00:00:00+00:00,0.020804586013568525,0.03944260034561081,0.06099221089011664,0.02102251005562197,0.04023078825789986,0.06289063512031048
2023-05-31T00:00:00+00:00,0.020318469952054295,0.039055604190531834,0.060584846516349294,0.02052629523340907,0.03982830082851727,0.0624577395222945
2023-05-30T00:00:00+00:00,0.021624995528463198,0.04010834139891584,0.0616929909462272,0.02186051034193083,0.04092354316978721,0.06363574872766457
2023-05-29T00:00:00+00:00,0.021643821155073368,0.040120949833866174,0.06170626298301703,0.021879747687409985,0.04093666766929237,0.06364986543410356
2023-05-28T00:00:00+00:00,0.02162678688525802,0.04010699344493468,0.061691572047299664,0.021862340860337694,0.04092214005370057,0.06363423953711507
2023-05-27T00:00:00+00:00,0.021624758132840028,0.04010594925451823,0.06169047289949287,0.021860267756747147,0.040921053133346506,0.06363307044651824
2023-05-26T00:00:00+00:00,0.021615620014284735,0.04009849071025447,0.06168262180026786,0.021850929919145043,0.04091328940655959,0.06362471979054045
2023-05-25T00:00:00+00:00,0.02168227595031691,0.04015161899657594,0.0617385463121852,0.021919044619416725,0.04096859281483929,0.06368420414704286
2023-05-24T00:00:00+00:00,0.02153496551933987,0.04003404998547879,0.06161478945839873,0.02176851637209604,0.040846214361052305,0.06355257408200204
2023-05-23T00:00:00+00:00,0.021682442644948716,0.04015024568328683,0.061737100719249295,0.021919214967849685,0.04096716323982068,0.06368266649378572
2023-05-22T00:00:00+00:00,0.021568272233876074,0.040059107389948154,0.06164116567362963,0.021802548691118893,0.040872295592365444,0.06358062694351312
2023-05-21T00:00:00+00:00,0.021543836685963925,0.04003968684592026,0.06162072299570554,0.021777580691055284,0.040852081482432294,0.063558884729588
2023-05-20T00:00:00+00:00,0.021547641809482418,0.040042671594530864,0.06162386483634828,0.021781468688352734,0.04085518816886874,0.06356222626736074
2023-05-19T00:00:00+00:00,0.021598074843095016,0.04008181834710508,0.06166507194432113,0.021833001526940336,0.040895935066882966,0.06360605349375914
2023-05-18T00:00:00+00:00,0.022152090557126095,0.04052705156662416,0.062133738491183324,0.022399269912817186,0.041359479699721854,0.06410464689699116
2023-05-17T00:00:00+00:00,0.02153606515742259,0.04004210483810858,0.06162326825064061,0.021769639948285364,0.04085459825767408,0.06356159176152784
2023-05-16T00:00:00+00:00,0.021239216355858924,0.03980457101452229,0.06137323264686557,0.021466373869711203,0.040607389446854894,0.06329569674029467
2023-05-15T00:00:00+00:00,0.021768563683896132,0.040227116506986044,0.06181801737577478,0.02200722750211346,0.041047186318681365,0.06376873962092178
2023-05-14T00:00:00+00:00,0.021738364791130397,0.04020324740329328,0.061792892003466604,0.021976364481482477,0.041022337752031436,0.06374201237110884
2023-05-13T00:00:00+00:00,0.020810235720109743,0.03945693094601248,0.06100729573264471,0.021028278549467087,0.04024569549644783,0.06290666877906713
2023-05-12T00:00:00+00:00,0.019846032878894568,0.03866660055994852,0.06017536901047213,0.020044274648875947,0.03942388251000699,0.06202277603780679
2023-05-11T00:00:00+00:00,0.019374037748603207,0.03827319721876468,0.05976126023027861,0.019562932323412316,0.03901505010550974,0.06158307413081391
2023-05-10T00:00:00+00:00,0.018727998700462333,0.037728464112669585,0.059187856960704825,0.018904467577362805,0.03844921833830788,0.06097453341262309
2023-05-09T00:00:00+00:00,0.0185111739150262,0.037543009379840245,0.05899264145246341,0.01868356778407142,0.03825665087301976,0.06076743494531377
2023-05-08T00:00:00+00:00,0.01814653237048466,0.037226197703797446,0.05865915547768152,0.018312181150344345,0.037927771142904014,0.06041374286286627
2023-05-07T00:00:00+00:00,0.015878023184626187,0.0351691901023863,0.05649388431830136,0.016004748819826296,0.03579494020716951,0.05812014360089802
2023-05-06T00:00:00+00:00,0.015361177318855142,0.03469240877579065,0.05599200923767437,0.015479766645174853,0.03530121023201253,0.057589232706079956
2023-05-05T00:00:00+00:00,0.01545877986401972,0.034789703781311763,0.05609442503295975,0.015578884891932012,0.03540194476927131,0.05769755209495381
2023-05-04T00:00:00+00:00,0.015505462848334598,0.03484882329632035,0.05615665610138985,0.01562629625170594,0.03546315903947859,0.05776337579169767
2023-05-03T00:00:00+00:00,0.01666839881100527,0.03590912262696576,0.05727276065996396,0.016808091638635895,0.03656164219024579,0.05894460938266415
2023-05-02T00:00:00+00:00,0.016228032065564262,0.03552086165757435,0.05686406490270984,0.016360421745517783,0.0361592638816216,0.058511911641313766
2023-05-01T00:00:00+00:00,0.015856104924400035,0.03517964075756727,0.05650488500796555,0.015982480007409566,0.035805764999478726,0.058131783716228874
2023-04-30T00:00:00+00:00,0.016027611764937298,0.03533807751358875,0.05667166054061974,0.0161567428957203,0.035969887705761365,0.058308268924058
2023-04-29T00:00:00+00:00,0.016023905289599027,0.03533473810093446,0.0566681453694047,0.016152976542794805,0.03596642818058916,0.058304548795839566
2023-04-28T00:00:00+00:00,0.016160533401116353,0.03546019110662545,0.05680020116486889,0.016291821089739842,0.03609640143525075,0.058444313272774225
2023-04-27T00:00:00+00:00,0.015992343979252425,0.035305477332995064,0.05663734456104744,0.016120905929456746,0.035936115450864156,0.058271952662303256
2023-04-26T00:00:00+00:00,0.016092316517445308,0.03539777228092711,0.05673449713781801,0.016222495193465365,0.03603173153296622,0.058374771503720425
2023-04-25T00:00:00+00:00,0.01650507337523731,0.03577104338761771,0.05712741409222916,0.01664203457510423,0.03641852442834068,0.058790706603439574
2023-04-24T00:00:00+00:00,0.016691856878266673,0.03594045598574022,0.05730574314288445,0.01683194427099611,0.036594121656878115,0.058979536581083104
2023-04-23T00:00:00+00:00,0.016738489192585713,0.03598257381104299,0.05735007769583472,0.01687936260341056,0.03663778166638002,0.05902648700609093
2023-04-22T00:00:00+00:00,0.017257501965996416,0.036446716197280786,0.05783864862871662,0.017407272965595057,0.037119040877233785,0.05954402298007103
2023-04-21T00:00:00+00:00,0.01743006361190559,0.036601545693385404,0.058001627045668844,0.017582853587886294,0.037279629927187356,0.059716719859860115
2023-04-20T00:00:00+00:00,0.015312066847602794,0.034647888414948855,0.05594514569994616,0.015429897179878431,0.03525511927460437,0.05753967149457597
2023-04-19T00:00:00+00:00,0.014673791665253233,0.034064775783771775,0.05533134293028608,0.014781980274037912,0.034651624908415994,0.0568907498916443
2023-04-18T00:00:00+00:00,0.015727297567762318,0.03506044335814772,0.05637941406120813,0.015851622417726145,0.035682307004206666,0.057999027248483506
2023-04-17T00:00:00+00:00,0.015607524795493216,0.03494913524293546,0.05626224762414259,0.015729958338922996,0.03556703357433642,0.057875072534071294
2023-04-16T00:00:00+00:00,0.015284076044280146,0.03464585514103225,0.055943005411612894,0.01540147487913569,0.03525301431951561,0.05753740805718133
2023-04-15T00:00:00+00:00,0.014288322839744001,0.033692244232924516,0.05493920445571002,0.014390888837754204,0.034266256319851966,0.05647638361570221
2023-04-14T00:00:00+00:00,0.014703421800179617,0.03409128681585944,0.055359249279852044,0.01481204884648602,0.03467905495441166,0.05692024426585029
2023-04-13T00:00:00+00:00,0.014967979443288554,0.03434448378659193,0.055625772406938875,0.015080560647059522,0.03494106572528916,0.05720197549621419
2023-04-12T00:00:00+00:00,0.015443926273535904,0.034793774385264535,0.05609870987922583,0.015563800011111805,0.03540615948909397,0.05770208417606211
2023-04-11T00:00:00+00:00,0.01591649151311004,0.03523407049411002,0.05656217946748423,0.016043833575983147,0.035862145168679124,0.05819241054154176
2023-04-10T00:00:00+00:00,0.015494506841151758,0.034838584432981275,0.056145878350506606,0.01561516910366926,0.0354525571279881,0.0577519755429949
2023-04-09T00:00:00+00:00,0.01562106670689421,0.03496179019375044,0.05627556862500046,0.015743713357153757,0.03558013870711961,0.05788916458265478
2023-04-08T00:00:00+00:00,0.015063475426080705,0.034439539337556335,0.055725830881638246,0.015177501391417719,0.03503944729418312,0.05730776280551488
2023-04-07T00:00:00+00:00,0.015134363132279076,0.03450675973027566,0.05579658918976385,0.01524946754656879,0.03510902539074145,0.05738257876074077
2023-04-06T00:00:00+00:00,0.01579866176792972,0.03512917481402179,0.05645176296212819,0.01592412044306353,0.035753493403255246,0.05807557508418499
2023-04-05T00:00:00+00:00,0.01646735652052685,0.03573971207977266,0.05709443376818175,0.01660369075832229,0.03638605258922758,0.05875578791871857
2023-04-04T00:00:00+00:00,0.016705830977683227,0.035959540518514244,0.05732583212475184,0.01684615368094938,0.03661390476011873,0.05900081061543888
2023-04-03T00:00:00+00:00,0.016977238908862057,0.03620216368794003,0.05758122493467371,0.017122171246683575,0.03686544182400059,0.05927130634754098
2023-04-02T00:00:00+00:00,0.01709999579286768,0.03631276143614325,0.057697643616992894,0.017247037658960428,0.03698012314855545,0.059394632495613615
2023-04-01T00:00:00+00:00,0.017314147750646606,0.03650311825926953,0.05789801922028372,0.01746490643118044,0.03717753817926811,0.05960693060280422
2023-03-31T00:00:00+00:00,0.016355871036992202,0.03564121636149476,0.05699075406473133,0.01649036052180946,0.036283978027716275,0.05864602212314018
2023-03-30T00:00:00+00:00,0.016358703844068533,0.03564574765197893,0.056995523844188344,0.01649324004697284,0.03628867374207831,0.05865107164322216
2023-03-29T00:00:00+00:00,0.016432581715692878,0.03571302347071818,0.05706634049549282,0.01656833917807683,0.03635839325616805,0.05872604442150947
2023-03-28T00:00:00+00:00,0.016612036051272223,0.03587573490361046,0.05723761568801101,0.016750783143550125,0.03652703433467698,0.058907393458115374
2023-03-27T00:00:00+00:00,0.017121167564607194,0.036332797889500695,0.05771873462052705,0.01726857480902176,0.03700090076055571,0.05941697642713789
2023-03-26T00:00:00+00:00,0.016950904050632848,0.036180757662728595,0.05755869227655641,0.017095385831213023,0.03684324689379098,0.05924743841829012
2023-03-25T00:00:00+00:00,0.016788996897409036,0.03603533653808681,0.05740561740851244,0.016930724143136382,0.03669247894561106,0.059085306666188706
2023-03-24T00:00:00+00:00,0.01691526924377675,0.03614736640977968,0.05752354358924177,0.017059142479370414,0.0368086259767264,0.05921020791566173
2023-03-23T00:00:00+00:00,0.017102069642040238,0.036315596180439454,0.05770062755835732,0.017249147278074136,0.03698306272620791,0.059397793671789365
2023-03-22T00:00:00+00:00,0.01770543804819622,0.03684776573003305,0.058260806031613745,0.017863108478161152,0.0375350604001442,0.05999141175984227
2023-03-21T00:00:00+00:00,0.017905433898039357,0.037023125427202444,0.05844539518652889,0.018066697233224717,0.03771701818749044,0.06018709273813183
2023-03-20T00:00:00+00:00,0.018653526099015095,0.03766169950179733,0.05911757842294456,0.018828589936518796,0.03837988899481687,0.06089997229400771
2023-03-19T00:00:00+00:00,0.019917444258114498,0.03873280738696321,0.0602450604073297,0.020117120018311285,0.039492701745233276,0.06209679246754633
2023-03-18T00:00:00+00:00,0.020687460325699212,0.039365441138540506,0.060910990672147905,0.02090292909501816,0.04015052797165789,0.06280431041711898
2023-03-17T00:00:00+00:00,0.020068730069166214,0.03885908712807178,0.06037798645060188,0.020271460938584427,0.03962397690285443,0.062237982175157795
2023-03-16T00:00:00+00:00,0.01925548357944401,0.03818070019280669,0.059663894939796513,0.01944206605188099,0.03891894874817927,0.061479717818366336
2023-03-15T00:00:00+00:00,0.019260569175154636,0.03818074422397641,0.05966394128839622,0.019447250535259253,0.038918994492996774,0.06147976701646592
2023-03-14T00:00:00+00:00,0.019066220214247205,0.03801953612418769,0.05949424855177651,0.01924914127332635,0.038751525835277204,0.06129965689239684
2023-03-13T00:00:00+00:00,0.017382172676595628,0.036543648274097215,0.057940682393786545,0.017534121760215203,0.03721957585210877,0.05965213776137986
2023-03-12T00:00:00+00:00,0.015292401608579469,0.03465164975687014,0.05594910500723173,0.01540992870459171,0.03525901323040269,0.05754385862738374
2023-03-11T00:00:00+00:00,0.011982144537078247,0.031282444061476455,0.052402572696291005,0.012054218005878263,0.03177688197265626,0.05379988814936268
2023-03-10T00:00:00+00:00,0.013442469804966153,0.03285378315876934,0.05405661385133615,0.013533226005847285,0.03339942777630895,0.055544358846044445
2023-03-09T00:00:00+00:00,0.013669322979564531,0.03308305107030597,0.054297948495058916,0.013763175317008273,0.033636380266413995,0.05579912900857912
2023-03-08T00:00:00+00:00,0.013528999709061467,0.03294352018066527,0.054151073874384496,0.013620930733139577,0.03349216612425915,0.055644070299637485
2023-03-07T00:00:00+00:00,0.01318871023757635,0.0325996402060592,0.05378909495374652,0.01327606488291705,0.03313682996478241,0.05526201855065789
2023-03-06T00:00:00+00:00,0.012649772385582658,0.03205007278425578,0.05321060293079556,0.012730119185871065,0.03256920760901396,0.05465173443110543
2023-03-05T00:00:00+00:00,0.012501548995429112,0.031896586091061774,0.05304903799059134,0.0125800200187331,0.03241073413810038,0.054481353451149885
2023-03-04T00:00:00+00:00,0.012412439982408126,0.031803666026113876,0.052951227395909344,0.01248979403261409,0.03231480692257882,0.05437821904696201
2023-03-03T00:00:00+00:00,0.012459817032882136,0.03185202106765211,0.0530021274396338,0.012537763948999078,0.032364725754801586,0.05443188831019579
2023-03-02T00:00:00+00:00,0.012480450939031813,0.031874027905421265,0.053025292532022386,0.012558656773734696,0.03238744508780633,0.0544563146051825
2023-03-01T00:00:00+00:00,0.012206043028954158,0.0315879419936868,0.05272414946703874,0.012280840788202392,0.03209213582853579,0.054138820207260706
2023-02-28T00:00:00+00:00,0.012292487319801237,0.03167793255245539,0.05281887637100567,0.012368350469890117,0.03218501855566807,0.05423868024352455
2023-02-27T00:00:00+00:00,0.011945163339142282,0.03130758359912847,0.05242903536750365,0.012016791720573156,0.0318028206924457,0.0538277748782574
2023-02-26T00:00:00+00:00,0.01324695508182892,0.032658565021947146,0.05385112107573384,0.013335084708259858,0.03319770915584211,0.05532747439120238
2023-02-25T00:00:00+00:00,0.01349442786260836,0.032908472918893004,0.054114182019887366,0.013585888591714885,0.03345594568852847,0.05560512635062376
2023-02-24T00:00:00+00:00,0.013317466140231307,0.032729688692656855,0.05392598809753353,0.013406538556682451,0.033271196582726745,0.055406486573764915
2023-02-23T00:00:00+00:00,0.01336097433174739,0.03277378257060078,0.05397240270589556,0.013450631001611289,0.03331675852119841,0.055455473989275236
2023-02-22T00:00:00+00:00,0.013427601071650225,0.03284154395374509,0.054043730477626416,0.013518156162644408,0.03338677986625396,0.05553075996122548
2023-02-21T00:00:00+00:00,0.013819776048229947,0.03392665535738382,0.05395018599302046,0.013915710571979094,0.034508728253675305,0.05543202549857244
2023-02-20T00:00:00+00:00,0.013774584821616653,0.03410871288475864,0.053727800267658186,0.013869891512673446,0.034697085499992675,0.05519733857888968
2023-02-19T00:00:00+00:00,0.012973252557312572,0.033118691361711354,0.05303908964292964,0.013057770290068884,0.033673220024661187,0.05447086315624125
2023-02-18T00:00:00+00:00,0.012856478033343758,0.03296923478242954,0.052935119848646635,0.012939477858144432,0.03351874230540624,0.05436123573677455
2023-02-17T00:00:00+00:00,0.012890524270887134,0.03301289022036289,0.0529654888489481,0.012973965223289757,0.033563862003519636,0.054393256119617775
2023-02-16T00:00:00+00:00,0.01285203942741163,0.032963630840615155,0.052931221454340975,0.012934981828949015,0.03351295054274471,0.05435712542895575
2023-02-15T00:00:00+00:00,0.012084868002141836,0.03196079522074688,0.052233596675302175,0.01215818506178107,0.032477026461013234,0.053621836281311876
2023-02-14T00:00:00+00:00,0.01187132032097269,0.03168059007539403,0.05203867135679585,0.011942064105352701,0.03218776161467392,0.05341647872497279
2023-02-13T00:00:00+00:00,0.012819070428066064,0.03288136813025499,0.052873995221046945,0.012901586926710867,0.03342793446320399,0.0542967902686154
2023-02-12T00:00:00+00:00,0.014541597251920852,0.035063425022154066,0.054391947841498485,0.014647840632008436,0.03568539506546381,0.05589837810110819
2023-02-11T00:00:00+00:00,0.014312310374320455,0.0347666851675263,0.054185520116540035,0.014415221866106718,0.0353781115261234,0.055680433897141675
2023-02-10T00:00:00+00:00,0.014151746557272473,0.03456298608177277,0.054043816404711495,0.0142523565615732,0.03516722743080602,0.05553085065991063
2023-02-09T00:00:00+00:00,0.014150762709764522,0.03456294096122456,0.05404378501650404,0.014251358692411087,0.035167180723494326,0.0555308175286899
2023-02-08T00:00:00+00:00,0.01383005033787777,0.03416724868866366,0.053768520826896454,0.013926127889178595,0.03475765409832352,0.055240307679407075
2023-02-07T00:00:00+00:00,0.013705943681610386,0.03401420280285322,0.05366205412372398,0.01380030071595544,0.03459930081469248,0.05512796570343111
2023-02-06T00:00:00+00:00,0.013451609326882942,0.033697075919033766,0.05344144411758871,0.01354248925730659,0.03427125358182315,0.054895219590843626
2023-02-05T00:00:00+00:00,0.013222503681398858,0.033421083138079836,0.0532494491395338,0.013310307549263576,0.033985841570229214,0.0546927044482179
2023-02-04T00:00:00+00:00,0.012898038256706604,0.033021075401798015,0.05297118288820732,0.012981576723893143,0.03357232194586911,0.05439925989329554
2023-02-03T00:00:00+00:00,0.012855128724127626,0.03296539761090595,0.05293245051193458,0.012938111090494227,0.03351477652433202,0.0543584212953813
2023-02-02T00:00:00+00:00,0.012652605582164774,0.03270543382447931,0.05275160613876821,0.012732988453446795,0.03324613503002153,0.05416776374810086
2023-02-01T00:00:00+00:00,0.01266402791449773,0.03271920434941314,0.05276118563437436,0.01274455629226654,0.0332603634696383,0.05417786219191385
2023-01-31T00:00:00+00:00,0.011850675421450201,0.03164678855232631,0.052015157253792216,0.011921172878773902,0.0321528726859273,0.05339170887264876
2023-01-30T00:00:00+00:00,0.0119041625500355,0.03171978522664078,0.052065937548967496,0.011975299084160217,0.032228219162929464,0.05344520177265336
2023-01-29T00:00:00+00:00,0.012451937363090373,0.03244341899437943,0.052569334952611776,0.012529785517204368,0.03297544468377104,0.05397563684984617
2023-01-28T00:00:00+00:00,0.01271355202962571,0.03277979085797764,0.052803332770767056,0.012794712812215794,0.033322967003879635,0.05422229370630342
2023-01-27T00:00:00+00:00,0.012280614183216774,0.032218925230756486,0.052413165377917556,0.012356330553553077,0.03274357416641798,0.05381105077517836
2023-01-26T00:00:00+00:00,0.012539191305136749,0.032555223902125036,0.05264711227973915,0.012618136586828609,0.033090942864459766,0.05405761544559767
2023-01-25T00:00:00+00:00,0.011993281851917961,0.03183718169704281,0.05214760465881239,0.012065489635102497,0.03234940622571398,0.05353123711060083
2023-01-24T00:00:00+00:00,0.012327057240192958,0.03227999683564924,0.052455649972625557,0.012403348568096545,0.032806647399842695,0.05385582246154166
2023-01-23T00:00:00+00:00,0.012548949856105853,0.03256797413602045,0.0526559820076664,0.012628018320738423,0.03310411509957728,0.05406696469131328
2023-01-22T00:00:00+00:00,0.0129222194309386,0.03305001957907569,0.052991317968052655,0.013006072104046012,0.033602238279303205,0.054420490520286156
2023-01-21T00:00:00+00:00,0.013128313861502643,0.03331369367377517,0.053174743425234906,0.013214868528699044,0.03387480834672777,0.054613915819516246
2023-01-20T00:00:00+00:00,0.013772940704971788,0.0341202190719391,0.05373580457178372,0.013868224593680117,0.034708990986813876,0.05520578473308847
2023-01-19T00:00:00+00:00,0.014609566383767713,0.03514446894093362,0.05444832621977991,0.01471680770862422,0.03576933446975242,0.055957909617322193
2023-01-18T00:00:00+00:00,0.01541699101684316,0.03610228260377018,0.05511463137653578,0.015536445907880583,0.03676188375148405,0.0566617342715537
2023-01-17T00:00:00+00:00,0.0149234623930239,0.035517102071604786,0.05470754926720333,0.015035373260551979,0.03615536835911805,0.056231673725580474
2023-01-16T00:00:00+00:00,0.015154114381334363,0.03577875897868577,0.05488957146343358,0.015269520189677642,0.036426521040690725,0.056423948832863634
2023-01-15T00:00:00+00:00,0.015278153426214315,0.03591320514264343,0.054983099229664996,0.015395461061828201,0.03656587397803425,0.056522758425467425
2023-01-14T00:00:00+00:00,0.015464948966082488,0.03613205382605162,0.05513534179203591,0.015585150121048028,0.03679274987940169,0.05668361840168924
2023-01-13T00:00:00+00:00,0.015783027851094956,0.03650302873023114,0.05539341129059557,0.015908237694017162,0.037177445321764736,0.05695635140326925
2023-01-12T00:00:00+00:00,0.016324699235263192,0.037122448088790304,0.05582431171394108,0.016458675179695407,0.03782009212229471,0.05741189248111645
2023-01-11T00:00:00+00:00,0.016618153477747276,0.037452855103531954,0.05605416007202223,0.01675700306073111,0.03816305181539038,0.05765496480180432
2023-01-10T00:00:00+00:00,0.01729191718829364,0.03820597318204441,0.056578068300552634,0.01744228786556113,0.03894520566735206,0.05820922411765064
2023-01-09T00:00:00+00:00,0.017048717001639513,0.037934774506389914,0.05638940835227124,0.0171948757979271,0.038663483306929806,0.058009601251527154
2023-01-08T00:00:00+00:00,0.016198556337368903,0.036974257894009425,0.05572122288278917,0.01633046422350535,0.037666308755751214,0.0573028907437946
2023-01-07T00:00:00+00:00,0.018295972313397708,0.03930128980722768,0.05734002769198447,0.0184643690356664,0.040083803070874474,0.059015843839320375
2023-01-06T00:00:00+00:00,0.018096108050733518,0.03908654986634692,0.05719064338528482,0.018260834745909678,0.039860479515871246,0.05885765530772797
2023-01-05T00:00:00+00:00,0.018161329253350497,0.039157719685961344,0.057240152825016585,0.018327249107880136,0.03993448883211435,0.05891008005465206
2023-01-04T00:00:00+00:00,0.01811000445205935,0.039102219365274554,0.05720154390627795,0.018274985005434178,0.0398767737361805,0.05886919747071514
2023-01-03T00:00:00+00:00,0.018085712491754103,0.039079361916117106,0.05718564307208147,0.01825024941037206,0.03985300507737077,0.058852360701060626
2023-01-02T00:00:00+00:00,0.017880880103645688,0.03886420243932056,0.057035966914309955,0.018041700139763996,0.03962929491667306,0.05869388760846825
2023-01-01T00:00:00+00:00,0.01751258284646863,0.03846203031339823,0.05675619500062486,0.017666827210694205,0.03921126905828625,0.05839773622341119
2022-12-31T00:00:00+00:00,0.017504690615328014,0.038453367327614084,0.056750168575731536,0.017658795580567963,0.03920226642484155,0.058391357888177356
2022-12-30T00:00:00+00:00,0.017863992958627943,0.03884170881678684,0.05702031917689519,0.018024508467108912,0.039605910150772056,0.05867732157415311
2022-12-29T00:00:00+00:00,0.01825562411360562,0.03926421838797018,0.057314238878587956,0.01842327666085449,0.04004524640287556,0.058988533429542335
2022-12-28T00:00:00+00:00,0.018877167063013053,0.039924090721693645,0.057773280502047754,0.019056467224783716,0.040731769969978494,0.05947476483595482
2022-12-27T00:00:00+00:00,0.019295622169614828,0.040361166621702964,0.05807733330205424,0.019482985840373945,0.041186748167186704,0.05979695008232863
2022-12-26T00:00:00+00:00,0.019748304816742286,0.0408265351236912,0.05840106791213301,0.019944592569615113,0.04167139644512237,0.06014009857561739
2022-12-25T00:00:00+00:00,0.02002981430850032,0.04111747873535645,0.05860346346807405,0.020231757071179652,0.04197450817505125,0.060354687935079726
2022-12-24T00:00:00+00:00,0.02005505088959858,0.04114753880423398,0.05862437482033669,0.020257504557527534,0.04200583047126761,0.060376861617281286
2022-12-23T00:00:00+00:00,0.02117441493897141,0.04228407100290211,0.05941500591506234,0.02140018354606255,0.04319077688455674,0.06121556004147149
2022-12-22T00:00:00+00:00,0.021636750624681268,0.042744291683602956,0.059735159432071624,0.021872522481144897,0.04367098534580467,0.06155536632686804
2022-12-21T00:00:00+00:00,0.02329618546972253,0.04436118316828015,0.0608599535083688,0.023569661106963277,0.04535985306245821,0.06275006928373639
2022-12-20T00:00:00+00:00,0.023710022472246208,0.04475841809194318,0.06113629084656917,0.023993339767981115,0.04577518899080939,0.06304378738925705
2022-12-19T00:00:00+00:00,0.024938714978164286,0.04590547543279249,0.06193424377933391,0.025252285980196788,0.04697544134402864,0.06389238482078319
2022-12-18T00:00:00+00:00,0.018686714364418218,0.032735452535009535,0.06577419326564735,0.01886240365124805,0.03327715221216886,0.06798553153787246
2022-12-17T00:00:00+00:00,0.016659023702513306,0.028151228658689097,0.06753497154491879,0.016798558997151155,0.02855121906881074,0.06986767379172855
2022-12-16T00:00:00+00:00,0.0171135236062869,0.028532150860811446,0.06804286781441526,0.01726079888015907,0.0289430916955754,0.07041119360509289
2022-12-15T00:00:00+00:00,0.017928528061471518,0.029205904080439108,0.06894120544058548,0.018090208903392236,0.029636579009205594,0.07137321629958772
2022-12-14T00:00:00+00:00,0.017794697684963806,0.029097563523052435,0.06879675136406992,0.01795396662437414,0.02952503365098539,0.0712184632489852
2022-12-13T00:00:00+00:00,0.01762023302439932,0.028953232780248327,0.06860431037366443,0.01777638512251512,0.029376452260968994,0.07101233674165673
2022-12-12T00:00:00+00:00,0.017127595772141502,0.028537318209013122,0.0680497576120175,0.01727511404355297,0.028948408616542267,0.07041856854695798
2022-12-11T00:00:00+00:00,0.01693146286235212,0.028369894521287378,0.06782652602838317,0.017075612480537582,0.028776152699910337,0.07017964398401083
2022-12-10T00:00:00+00:00,0.016938544189118075,0.028375940946478308,0.06783458792863774,0.017082814750792156,0.02878237313675594,0.0701882717003144
2022-12-09T00:00:00+00:00,0.017161426901348403,0.028565052730361237,0.06808673697381498,0.01730953019152172,0.02897694640386042,0.07045815267428696
2022-12-08T00:00:00+00:00,0.017005313817790784,0.028435071721512287,0.06791342896201638,0.017150727259847186,0.02884320763434379,0.07027264977556696
2022-12-07T00:00:00+00:00,0.01720112526960081,0.02859641088643372,0.06812854784857829,0.017349916521486344,0.02900921372943077,0.07050291040162447
2022-12-06T00:00:00+00:00,0.01802316868050161,0.029275436768921553,0.0690339156918954,0.01818656615051924,0.02970817489773605,0.07147254818397111
2022-12-05T00:00:00+00:00,0.016083883181330066,0.027629832809601223,0.0668397770794683,0.016213925083737257,0.028015076516484834,0.0691241661788614
2022-12-04T00:00:00+00:00,0.014933030752941626,0.026643298583411384,0.06552439811121519,0.015045085530793137,0.02700140455259067,0.06771878724474889
2022-12-03T00:00:00+00:00,0.015229328633237718,0.026899292662894977,0.06586572355052664,0.015345885798937283,0.02726434448565138,0.0680832890314344
2022-12-02T00:00:00+00:00,0.01532411226561095,0.02698202172173037,0.06597602896230716,0.015442128531107721,0.027349332613418667,0.06820111089627583
2022-12-01T00:00:00+00:00,0.016174886001975964,0.02771430982033329,0.06695241309377772,0.016306407625274463,0.02810192382530911,0.06924459484566141
2022-11-30T00:00:00+00:00,0.017429295804452287,0.028777666228123402,0.06837022163749787,0.017582072280487332,0.029195744050195285,0.07076165416000357
2022-11-29T00:00:00+00:00,0.016604312720381483,0.02808374801377202,0.06744499735169603,0.01674293047114706,0.028481814111051607,0.06977141764147968
2022-11-28T00:00:00+00:00,0.015944998761203453,0.02754434727534653,0.0667257963671287,0.016072798602460688,0.027927199854669026,0.0690023135896333
2022-11-27T00:00:00+00:00,0.015432622743441234,0.027100033187993845,0.06613337758399179,0.015552320620019886,0.027470578768498774,0.06836920409267483
2022-11-26T00:00:00+00:00,0.015729743666971982,0.027359951866613667,0.06647993582215156,0.015854107294614762,0.027737672273214123,0.06873952040534884
2022-11-25T00:00:00+00:00,0.01652478780803093,0.028047240189388728,0.06738866874720766,0.0166620772937243,0.02844426716301691,0.06971116060764444
2022-11-24T00:00:00+00:00,0.020204173628227993,0.032713203885861554,0.07246021210389461,0.020409659495215778,0.03325416344709596,0.07515002719203627
2022-11-23T00:00:00+00:00,0.01634806863519146,0.02787649019577471,0.06716865359436629,0.0164824294865348,0.02826867530270328,0.06947583383232678
2022-11-22T00:00:00+00:00,0.012030858719237045,0.02374322208324608,0.06165762944432811,0.012103520600248042,0.02402733651283853,0.06359813763518583
2022-11-21T00:00:00+00:00,0.010130156176747547,0.021885587209257117,0.05918078294567616,0.010181639906409806,0.02212683338895215,0.0609670280893892
2022-11-20T00:00:00+00:00,0.01263538635754106,0.024495957921568244,0.06266127722875765,0.012715550126779423,0.024798448773370427,0.06466615141262075
2022-11-19T00:00:00+00:00,0.012408542193512619,0.024273323332554466,0.06236443111007262,0.012485847568830893,0.02457031858785955,0.06435015630178645
2022-11-18T00:00:00+00:00,0.012259272380048123,0.024159340563242034,0.062212454084322716,0.012334725274566898,0.024453541881073904,0.06418841182202853
2022-11-17T00:00:00+00:00,0.011781474390920121,0.023682741163743266,0.06157698821832435,0.011851149313701096,0.02396540427085513,0.06351237123575948
2022-11-16T00:00:00+00:00,0.011068994489239712,0.022954749520510357,0.06060633269401381,0.011130482467391718,0.023220237284716495,0.06248056792324971
2022-11-15T00:00:00+00:00,0.010632278806464966,0.02249045106797658,0.05998726809063544,0.010689002336183594,0.022745267984574262,0.0618230273641707
2022-11-14T00:00:00+00:00,0.007424167802914378,0.018647816848506443,0.05486375579800859,0.007451795263800621,0.018822773205481518,0.056396676897724166
2022-11-13T00:00:00+00:00,0.00596003653811763,0.016783645666020374,0.0523781942213605,0.005977832893395555,0.016925282326088375,0.05377419842838973
2022-11-12T00:00:00+00:00,0.005627845924919217,0.016305834391361462,0.051741112521815284,0.005643711999268962,0.016439500026334212,0.053103071976115725
2022-11-11T00:00:00+00:00,0.005373374059241462,0.01590101201613809,0.05120134935485079,0.0053878365256494,0.01602810585027483,0.052534799107951786
2022-11-10T00:00:00+00:00,0.006812915183358392,0.017764310940186847,0.053685747920249126,0.006836175883655396,0.01792303478697438,0.05515296598689058
2022-11-09T00:00:00+00:00,0.008137976906002055,0.01952430022761309,0.05603240030348412,0.008171180247234053,0.01971614588787205,0.05763195072500935
2022-11-08T00:00:00+00:00,0.009679426609215263,0.021326384095872127,0.05843517879449617,0.0097264237702615,0.021555416665734083,0.06017626150651261
2022-11-07T00:00:00+00:00,0.01057131703687485,0.022335289155058672,0.05978038554007823,0.010627390824109106,0.02258658918325034,0.061603377430099034
2022-11-06T00:00:00+00:00,0.011917696105852199,0.023737366992496678,0.06164982265666224,0.011988994801025988,0.02402134075741075,0.06358983438279064
2022-11-05T00:00:00+00:00,0.011828248287867058,0.023647533712363455,0.06153004494981794,0.01189847864194695,0.023929353693324912,0.06346244766085117
2022-11-04T00:00:00+00:00,0.011343828666122203,0.02315377461922194,0.06087169949229592,0.011408413871937643,0.02342390406002463,0.06276255240225775
2022-11-03T00:00:00+00:00,0.010985062980130482,0.022782245706758963,0.06037632760901195,0.011045620321475366,0.02304374311500162,0.06223622009207945
2022-11-02T00:00:00+00:00,0.011245118040188037,0.02305146981140402,0.060735293081872026,0.011308582041677303,0.023319208229814908,0.06261759466443823
2022-11-01T00:00:00+00:00,0.011282103642635573,0.02308918602322649,0.06078558136430199,0.011345986590541743,0.023357804681657674,0.06267103322170617
2022-10-31T00:00:00+00:00,0.01116600429246713,0.02296876315466968,0.060625017539559574,0.0112285767944773,0.023234576419247237,0.06250042039398816
2022-10-30T00:00:00+00:00,0.011018424281076328,0.022814658194158097,0.06041954425887746,0.011079350681314335,0.023076903044805124,0.06228212737476205
2022-10-29T00:00:00+00:00,0.010852054367708386,0.02264107887297502,0.06018810516396669,0.010911151489422151,0.022899333462234148,0.062036302209006834
2022-10-28T00:00:00+00:00,0.010795088495834018,0.022579696883749015,0.06010626251166535,0.010853565694537878,0.02283654779338763,0.06194938589813873
2022-10-27T00:00:00+00:00,0.010754377810590427,0.022536288097235475,0.060048384129647296,0.010812413990874297,0.022792148663741123,0.06188792376469655
2022-10-26T00:00:00+00:00,0.010852766498939109,0.02264052478390824,0.06018736637854432,0.010911871391080697,0.022898766685054483,0.062035517592360055
2022-10-25T00:00:00+00:00,0.010747157238405736,0.02252908693720152,0.06003878258293536,0.010805115373226513,0.022784783400321636,0.0618777280471605
2022-10-24T00:00:00+00:00,0.010647189980654762,0.02242627382883575,0.05990169843844767,0.010704073008304484,0.022679633123132033,0.0617321714245179
2022-10-23T00:00:00+00:00,0.010573966690293358,0.022348035459806927,0.05979738061307591,0.010630068639976783,0.022599623466607613,0.06162141961027248
2022-10-22T00:00:00+00:00,0.010474664903480915,0.02224246177180571,0.05965661569574095,0.01052971625105617,0.02249166955173264,0.06147199107657737
2022-10-21T00:00:00+00:00,0.010400143506986462,0.02216183384547848,0.05954911179397131,0.010454412971314555,0.02240923149223741,0.061357884829676385
2022-10-20T00:00:00+00:00,0.010225376165886287,0.021972475383824967,0.05929663384509996,0.010277833970885011,0.022215647982033432,0.06108994919374421
2022-10-19T00:00:00+00:00,0.01047963440193854,0.022246309591301902,0.059661746121735866,0.010534738089398794,0.02249560392268003,0.061477436894032636
2022-10-18T00:00:00+00:00,0.010345186755656571,0.022103417338499822,0.05947122311799976,0.01039888320531071,0.022349507660718606,0.06127522028880864
2022-10-17T00:00:00+00:00,0.010689001473360164,0.022468109523065983,0.059957479364087976,0.010746332937735303,0.022722418530500776,0.061791397479536235
2022-10-16T00:00:00+00:00,0.01081874725038377,0.02260519147433676,0.06014025529911568,0.010877481513834325,0.022862624924804606,0.06198548513138106
2022-10-15T00:00:00+00:00,0.01067250430460147,0.022450807361178757,0.05993440981490501,0.01072965862245412,0.022704723374744933,0.061766902713259283
2022-10-14T00:00:00+00:00,0.010474183082046737,0.02223890986390125,0.059651879818535,0.010529229356296467,0.022488037761941772,0.0614669640874832
2022-10-13T00:00:00+00:00,0.010637665544651542,0.022416501482356275,0.0598886686431417,0.010694446667888975,0.022669639192258915,0.061718337361808456
2022-10-12T00:00:00+00:00,0.010714610060967286,0.022499942406734683,0.05999992320897958,0.010772217055168563,0.02275497525243644,0.06183646494524388
2022-10-11T00:00:00+00:00,0.010613493116605345,0.02239242872021539,0.059856571626953854,0.010670016024383612,0.02264502100561849,0.06168425991810697
2022-10-10T00:00:00+00:00,0.01036272759796434,0.022123117835240978,0.059497490446987975,0.010416606608224395,0.022369648652241596,0.06130309752024302
2022-10-09T00:00:00+00:00,0.010321408843799871,0.02207809764959354,0.05943746353279138,0.010374858315365608,0.022323622416953823,0.06123939268241328
2022-10-08T00:00:00+00:00,0.010167103482664783,0.02191026374991321,0.05921368499988428,0.010218964085989088,0.0221520562544997,0.06100193665827356
2022-10-07T00:00:00+00:00,0.009992117422049184,0.02171884830005335,0.05895846440007113,0.010042205314772562,0.021956419283528636,0.06073118166070015
2022-10-06T00:00:00+00:00,0.009804270071759765,0.021511176356076793,0.05868156847476906,0.009852489382258732,0.0217442096431791,0.06043751017929983
2022-10-05T00:00:00+00:00,0.009773866809996517,0.02148090202517827,0.05864120270023769,0.009821787039419353,0.02171327748913129,0.06039470566186351
2022-10-04T00:00:00+00:00,0.009849901143828471,0.021581687718021207,0.05877558362402827,0.009898571085336899,0.02181625675895091,0.06053721205658374
2022-10-03T00:00:00+00:00,0.009728788959891897,0.02146775062522325,0.05862366750029766,0.009776267470254753,0.021699840617545856,0.0603761115917448
2022-10-02T00:00:00+00:00,0.009547049753507649,0.021264828264341014,0.058353104352454686,0.009592768207845371,0.02149253590800709,0.060089251702234364
2022-10-01T00:00:00+00:00,0.009393489376198745,0.02109201916091128,0.058122692214548376,0.009437746664365568,0.02131602795036541,0.05984502240960641
2022-09-30T00:00:00+00:00,0.009434728190849957,0.021137826215994637,0.05818376828799285,0.009479375538846589,0.021362812501406994,0.05990975555871865
2022-09-29T00:00:00+00:00,0.010159576830934946,0.021940677594973503,0.059254236793298005,0.01021136054829261,0.02218314430149619,0.06104496306193269
2022-09-28T00:00:00+00:00,0.01014302829299328,0.02192403786506186,0.05923205048674914,0.010194643165593362,0.02216613559157717,0.06102142265430261
2022-09-27T00:00:00+00:00,0.010692459540665427,0.022504094110651903,0.060005458814202536,0.01074982817262534,0.022759221437084965,0.06184234286898289
2022-09-26T00:00:00+00:00,0.011360304871943219,0.02320643476633462,0.06094191302177949,0.011425078182409633,0.02347779913238021,0.06283717533165974
2022-09-25T00:00:00+00:00,0.010581221486161871,0.022392009595045025,0.059856012793393365,0.010637400581416727,0.022644592389439964,0.061683666613478794
2022-09-24T00:00:00+00:00,0.010411102999180858,0.022211107402576057,0.05961480987010141,0.010465487099245952,0.02245961047301259,0.06142761629124982
2022-09-23T00:00:00+00:00,0.009954848469729062,0.02172398186292462,0.05896530915056616,0.010004562801446154,0.021961665574521182,0.06073844212581534
2022-09-22T00:00:00+00:00,0.009365310652775868,0.02107415706940674,0.05809887609254232,0.009409302398061599,0.021297785272957975,0.05981978131186543
2022-09-21T00:00:00+00:00,0.009198476062758185,0.020928754097355527,0.0579050054631407,0.009240912058042793,0.021149296335356886,0.05961433329999925
2022-09-20T00:00:00+00:00,0.010787150309516881,0.021731521101497325,0.0589753614686631,0.010845541382446084,0.021969370416369084,0.060749105059626815
2022-09-19T00:00:00+00:00,0.013542853179807827,0.023380143892764764,0.06117352519035302,0.013634972998312189,0.02365560200920092,0.06308336986392638
2022-09-18T00:00:00+00:00,0.008163513364699206,0.01968547813424776,0.05624730417899702,0.008196925697653857,0.019880514847492228,0.057859264354096836
2022-09-17T00:00:00+00:00,0.006776551511474359,0.017963301249747207,0.053951068332996274,0.006799564288992519,0.01812561176141948,0.05543295674884954
2022-09-16T00:00:00+00:00,0.0074898916500516395,0.018816902303089595,0.05508920307078613,0.0075180110475292295,0.01899505588196317,0.05663486549556281
2022-09-15T00:00:00+00:00,0.19674076547391486,0.340562194876566,0.3792238161215237,0.21742839957370458,0.4057376643834964,0.4611500247496642
2022-09-14T00:00:00+00:00,0.3548696181997204,0.7599898557054293,0.7999898557054294,0.4259947155546353,1.138254509721827,1.2255183294821625
2022-09-13T00:00:00+00:00,0.11508762076655339,0.305788427254149,0.34578842725414904,0.12197174105356015,0.3576950228812021,0.4131036072982031
2022-09-12T00:00:00+00:00,0.07860950054273737,0.18202177604937583,0.2220217760493758,0.08178180426574698,0.1996403163920396,0.24859856613645598
2022-09-11T00:00:00+00:00,0.05683707357052702,0.10420856868766788,0.14420856868766788,0.05848334138031513,0.10983190677120037,0.1551250059279632
2022-09-10T00:00:00+00:00,0.0453611052328241,0.06160185250464773,0.10159791509078946,0.046405654216123915,0.06353881504056651,0.10693829886869045
2022-09-09T00:00:00+00:00,0.03734311315540789,0.030852782407256064,0.070750043818741,0.038049128030972185,0.03133366223527948,0.07331291105454635
2022-09-08T00:00:00+00:00,0.03907365779119263,0.032292225769148454,0.07225949307025897,0.03984707364285091,0.03281927760086515,0.07493424577450332
2022-09-07T00:00:00+00:00,0.06692967999740561,0.1299163550831157,0.16989049567434877,0.06922028788158034,0.13873312979820415,0.1851750618759278
2022-09-06T00:00:00+00:00,0.09412320361938838,0.23395200418834095,0.2739520041883409,0.09869510063759494,0.2635838429236357,0.31515167738671807
2022-09-05T00:00:00+00:00,0.0380845680097801,0.053303650149138,0.09322032999141218,0.03881908000214637,0.054749871406764045,0.09770356549181165
2022-09-04T00:00:00+00:00,0.03069081025558671,0.029634217522076855,0.0695122900294358,0.031166628430858715,0.030077680653723946,0.07198523577179071
2022-09-03T00:00:00+00:00,0.030530637342564206,0.029513006392581562,0.06935067519010875,0.031001476695102042,0.029952831341417036,0.07181200104955984
2022-09-02T00:00:00+00:00,0.04071271434629197,0.05777231924069996,0.09768393282687231,0.041552839344396394,0.05947374640430578,0.10261422969847603
2022-09-01T00:00:00+00:00,0.04875650024420573,0.0832773478560103,0.1232773478560103,0.04996465343389379,0.0868432002630576,0.13119811254334324
2022-08-31T00:00:00+00:00,0.03528626156389243,0.049439520479614286,0.08939429846109112,0.03591620933294315,0.05068204550629744,0.09351174119090971
2022-08-30T00:00:00+00:00,0.026735138039526478,0.029350765290539826,0.06913435372071977,0.02709572813418131,0.02978574421373151,0.07158017017899442
2022-08-29T00:00:00+00:00,0.025594823352576422,0.028522455056662257,0.06802994007554967,0.025925183313023074,0.02893311531325129,0.07039735569817963
2022-08-28T00:00:00+00:00,0.023829710807502118,0.02785202221195182,0.06713602961593576,0.024115907160835986,0.0282435159492132,0.06944094384499436
2022-08-27T00:00:00+00:00,0.02223431994638577,0.02704302765858215,0.06605737021144287,0.022483344636961725,0.027412008933669497,0.06828800324270047
2022-08-26T00:00:00+00:00,0.02267318325112432,0.02749457655014595,0.0666594354001946,0.022932173536372946,0.0278760404456545,0.06893137591637104
2022-08-25T00:00:00+00:00,0.022254576627187595,0.02755284333028446,0.06673712444037928,0.022504056965465414,0.027935933217723065,0.06901442339471128
2022-08-24T00:00:00+00:00,0.02123715095356279,0.02698242487383175,0.06597656649844234,0.02146426413289734,0.027349746791544102,0.06820168509312569
2022-08-23T00:00:00+00:00,0.021125266861609225,0.026884702104162977,0.0658462694722173,0.021349984924450515,0.027249356234256398,0.06806251065764479
2022-08-22T00:00:00+00:00,0.02088485980915674,0.02666406844202497,0.0655520912560333,0.021104474697593408,0.027022735448060227,0.06774835614511365
2022-08-21T00:00:00+00:00,0.020330102184867898,0.0262127355391766,0.06495031405223547,0.02053816630190336,0.026559310883211434,0.06710600282250011
2022-08-20T00:00:00+00:00,0.02026118412389029,0.026163320488357306,0.06488442731780975,0.020467835213942392,0.026508584656067112,0.06703569700896844
2022-08-19T00:00:00+00:00,0.02051709932388439,0.026447528226695216,0.06526337096892695,0.02072902186330117,0.02680036780060303,0.06744012003296002
2022-08-18T00:00:00+00:00,0.02141773437563895,0.026714378761294483,0.06561917168172597,0.021648740301285774,0.027074406589518853,0.0678199835615995
2022-08-17T00:00:00+00:00,0.02204582694290034,0.026920944987779177,0.0658945933170389,0.022290631843529776,0.02728658738776556,0.06811412479164844
2022-08-16T00:00:00+00:00,0.02259742205403065,0.02703661144638216,0.06604881526184288,0.022854677906033755,0.0274054168613571,0.06827886413178597
2022-08-15T00:00:00+00:00,0.024178519178506542,0.028121579687817373,0.0674954395837565,0.02447318966980303,0.02852072403577911,0.06982538066046068
2022-08-14T00:00:00+00:00,0.02510687778754184,0.029048235714093183,0.06873098095212424,0.025424709782020292,0.029474250689369916,0.07114801108638641
2022-08-13T00:00:00+00:00,0.023523309689024927,0.028108441916018027,0.0674779225546907,0.02380216496960088,0.028507211653989367,0.06980664066234746
2022-08-12T00:00:00+00:00,0.02168140377650269,0.02703156001396805,0.06604208001862406,0.021918153328775048,0.027400227005444498,0.06827166903805597
2022-08-11T00:00:00+00:00,0.01967953429396608,0.025934391894200198,0.06457918919226693,0.01987445285862512,0.0262736143858187,0.06671004673656238
2022-08-10T00:00:00+00:00,0.018082295002929474,0.02495722326136298,0.0632762976818173,0.0182467695574722,0.02527126181544533,0.0653211442664669
2022-08-09T00:00:00+00:00,0.015528053154472818,0.023537605569599232,0.06138347409279898,0.01564923981979914,0.02381680122769093,0.06330658648142613
2022-08-08T00:00:00+00:00,0.0110311910075221,0.02079840539055888,0.057731207187411836,0.011092258937192852,0.021016199519908657,0.05943019015861548
2022-08-07T00:00:00+00:00,0.007320750914595732,0.018622705835518873,0.054830274447358496,0.007347613121217116,0.018797189854819908,0.05636130790232505
2022-08-06T00:00:00+00:00,0.0072669599008920475,0.018571581937518594,0.054762109250024796,0.007293428329308378,0.018745106302601965,0.05628930327957385
2022-08-05T00:00:00+00:00,0.007089775608860863,0.018345948334424794,0.05446126444589972,0.0071149675670716,0.01851526910423995,0.055971571927889076
2022-08-04T00:00:00+00:00,0.007257649060557882,0.018565603274966865,0.05475413769995582,0.007284049624691588,0.018739015587595925,0.056280883050081235
2022-08-03T00:00:00+00:00,0.0071976312000712125,0.018496273160378933,0.054661697547171914,0.0072235964052992105,0.018668388743263434,0.05618324479695579
2022-08-02T00:00:00+00:00,0.00736517547957593,0.01870847172139074,0.05494462896185432,0.007392365094739564,0.01888457164541463,0.05648211449387004
2022-08-01T00:00:00+00:00,0.007716124737276558,0.019152581774550058,0.055536775699400076,0.0077459707425887765,0.0193371690205028,0.05710789218797176
2022-07-31T00:00:00+00:00,0.0077327607183834005,0.019175729772753235,0.05556763969700431,0.007762735724965018,0.01936076490854311,0.05714051926686464
2022-07-30T00:00:00+00:00,0.0077931556040974,0.01925121960295399,0.05566829280393865,0.007823601278166536,0.019437719184148536,0.05724692909955766
2022-07-29T00:00:00+00:00,0.008364015589806546,0.019925912486900177,0.0565678833158669,0.008399091691238144,0.020125758640043193,0.058198446327813944
2022-07-28T00:00:00+00:00,0.008960601740702694,0.020607289091074572,0.0574763854547661,0.009000868111642829,0.020821085327616062,0.0591602587160947
2022-07-27T00:00:00+00:00,0.009431326391594214,0.02116571081754822,0.058220947756730965,0.009475941498500182,0.021391293193540675,0.05994916317284048
2022-07-26T00:00:00+00:00,0.009396915845156919,0.021140602534106087,0.05818747004547478,0.009441205477394446,0.021365648133416112,0.05991367909484121
2022-07-25T00:00:00+00:00,0.009151306073852047,0.020834736059068052,0.0577796480787574,0.009193307298198068,0.021053294394808145,0.05948151114425828
2022-07-24T00:00:00+00:00,0.009223110466132679,0.020909833110595247,0.05787977748079366,0.009265774411998582,0.02112997536583995,0.05958760170554668
2022-07-23T00:00:00+00:00,0.009060598732509806,0.02072361490681399,0.057631486542418654,0.009101770208024901,0.02093984008000078,0.05932454836434231
2022-07-22T00:00:00+00:00,0.008957022567940965,0.020604350382941294,0.05747246717725506,0.008997256729683033,0.020818085436799853,0.05915610864041053
2022-07-21T00:00:00+00:00,0.009202564536207413,0.02088626276617395,0.0578483503548986,0.009245038321149467,0.021105907264285455,0.059554302435905045
2022-07-20T00:00:00+00:00,0.008969952001161722,0.02064329245885503,0.057524389945140045,0.00901030257666766,0.020857838986188895,0.05921110438484643
2022-07-19T00:00:00+00:00,0.009253540593824352,0.02097878234145418,0.05797170978860557,0.009296486965670873,0.02120038391948158,0.05968501651663701
2022-07-18T00:00:00+00:00,0.008142827193876935,0.01967154733757011,0.056228729783426815,0.00817607017954293,0.01986630719837542,0.05783961544018207
2022-07-17T00:00:00+00:00,0.007485275275879831,0.018865851293620506,0.05515446839149401,0.007513359978142049,0.019044935882052645,0.05670382935925983
2022-07-16T00:00:00+00:00,0.007416134043318019,0.01877864015847127,0.05503818687796169,0.007443701670785489,0.01895606769168354,0.05658096138261679
2022-07-15T00:00:00+00:00,0.007991631927857274,0.019489995179935736,0.05598666023991431,0.008023650253332472,0.01968116507690426,0.057583575678782924
2022-07-14T00:00:00+00:00,0.00786176627501151,0.019332416459754247,0.05577655527967233,0.00789275110377698,0.019520497683230765,0.057361395465455836
2022-07-13T00:00:00+00:00,0.00765027791721169,0.01907301015513795,0.0554306802068506,0.0076796160596447685,0.019256061938239775,0.05699574375499626
2022-07-12T00:00:00+00:00,0.008041780828379856,0.019549388896932716,0.056065851862576954,0.008074202798647274,0.019741729529968693,0.05766733075439989
2022-07-11T00:00:00+00:00,0.008410997422813824,0.019999956971498117,0.05666660929533082,0.008446469241889442,0.020201296122551428,0.05830292316291137
2022-07-10T00:00:00+00:00,0.008509560694382967,0.020116865924428573,0.0568224878992381,0.008545869923621332,0.020320573759959538,0.058467902802852044
2022-07-09T00:00:00+00:00,0.008725916704444761,0.020371438483574006,0.05716191797809868,0.008764098490622419,0.020580352444262862,0.058827239627335735
2022-07-08T00:00:00+00:00,0.008656529280162736,0.020285364159335278,0.057047152212447036,0.008694105376488301,0.020492510460675448,0.05870572948144295
2022-07-07T00:00:00+00:00,0.007935546682356796,0.01942525696932884,0.05590034262577179,0.00796711658481916,0.019615154879642438,0.057492291527707684
2022-07-06T00:00:00+00:00,0.00772301513379519,0.019156769941195605,0.05554235992159414,0.007752914535838263,0.019341438183372042,0.05711379532979665
2022-07-05T00:00:00+00:00,0.007690008386236804,0.019116235489533378,0.0554883139860445,0.00771965243873492,0.01930012057454273,0.057056664169713604
2022-07-04T00:00:00+00:00,0.007638151508294582,0.019052206103611344,0.05540294147148179,0.007667396598655197,0.01923485750319107,0.0569664244364681
2022-07-03T00:00:00+00:00,0.006572793462662575,0.01767027953732388,0.05356037271643184,0.006594441672673567,0.017827322556108794,0.0550206842615439
2022-07-02T00:00:00+00:00,0.006332978956943892,0.017348764002743128,0.053131685336990836,0.006353074667045397,0.01750012786247493,0.054568507138154525
2022-07-01T00:00:00+00:00,0.006136369517801514,0.017076424516990003,0.05276856602265334,0.006155235602646054,0.017223060131004584,0.05418564246254959
2022-06-30T00:00:00+00:00,0.005848796932759153,0.016670675900597617,0.052227567867463486,0.005865934540165783,0.0168104070043937,0.053615484216884515
2022-06-29T00:00:00+00:00,0.005703020429034038,0.016461507784957898,0.05194867704661053,0.005719313608242242,0.016597744929547534,0.053321681501457725
2022-06-28T00:00:00+00:00,0.005262115319513157,0.015809586343249835,0.051079448457666446,0.005275984564407752,0.015935219043254907,0.0524065019917565
2022-06-27T00:00:00+00:00,0.0047973303884784,0.015092985475625634,0.050123980634167516,0.004808856000893467,0.015207459771800824,0.05140144167133495
2022-06-26T00:00:00+00:00,0.004617646020976827,0.014810740963299313,0.049747654617732416,0.00462832377706487,0.014920963470449657,0.05100584639680869
2022-06-25T00:00:00+00:00,0.004711641680536551,0.014960465906558935,0.04994728787541191,0.0047227589171338165,0.015072933830639415,0.051215683061925026
2022-06-24T00:00:00+00:00,0.004946239561141845,0.015329318034495736,0.05043909071266098,0.0049584923971418265,0.01544741470190144,0.05173280106622045
2022-06-23T00:00:00+00:00,0.0051364395349075215,0.015621399712116043,0.05082853294948806,0.0051496536548576105,0.015744051605170502,0.05214247000617078
2022-06-22T00:00:00+00:00,0.004948895616606417,0.015333963224239118,0.05044528429898549,0.004961161626181616,0.015452131658770435,0.0517393150842763
2022-06-21T00:00:00+00:00,0.004851387781258819,0.015180761272864732,0.05024101503048631,0.004863174816036776,0.015296574326895941,0.05152449900498377
2022-06-20T00:00:00+00:00,0.005213585220514673,0.01573925207130757,0.05098566942841009,0.005227199605143173,0.015863766492129772,0.0523078129593295
2022-06-19T00:00:00+00:00,0.005305121684579774,0.015879720538263274,0.05117296071768437,0.005319218760051526,0.016006473340644697,0.05250491950360601
2022-06-18T00:00:00+00:00,0.005481104985584494,0.01612168313642696,0.05149557751523595,0.005496153723044931,0.016252338650465624,0.05284453004867837
2022-06-17T00:00:00+00:00,0.0055000950882225725,0.016157106160997685,0.05154280821466358,0.00551524837950717,0.016288338019608776,0.05289425780646903
2022-06-16T00:00:00+00:00,0.005260179277341039,0.015814269091188715,0.05108569212158495,0.005274038309591359,0.01593997642294433,0.05241307288476315
2022-06-15T00:00:00+00:00,0.005819512551272978,0.016628018297310032,0.05217069106308004,0.00583647880971874,0.01676703323457303,0.05355555963936792
2022-06-14T00:00:00+00:00,0.0067483050186513205,0.017900897820604555,0.05386786376080607,0.006771126133972651,0.01806207921432875,0.05534514355463822
2022-06-13T00:00:00+00:00,0.007846498013417993,0.019313601189573204,0.05575146825276427,0.007877362451078037,0.019501315310084828,0.05733486974445028
2022-06-12T00:00:00+00:00,0.007045488556943484,0.01830530518209885,0.0544070735761318,0.007070366401860533,0.01847387427424939,0.055914349460536514
2022-06-11T00:00:00+00:00,0.006764056866943424,0.017937769171520478,0.05391702556202731,0.006786984764914033,0.01809961723051876,0.05539702749806038
2022-06-10T00:00:00+00:00,0.0075063457974192515,0.01888181943398513,0.0551757592453135,0.007534589033742527,0.01906120826453643,0.05672632772548573
2022-06-09T00:00:00+00:00,0.007907307587983367,0.019382889419552345,0.05584385255940313,0.007938652908191875,0.01957195719893819,0.05743255540534542
2022-06-08T00:00:00+00:00,0.007400632345105055,0.018764659699444766,0.05501954626592635,0.007428084703604375,0.018941822317716513,0.05656126625043133
2022-06-07T00:00:00+00:00,0.007423553511793159,0.018794165679933254,0.055058887573244335,0.007451176395297963,0.018971887638778027,0.056602833569485596
2022-06-06T00:00:00+00:00,0.006734853657791231,0.017895393413074983,0.05386052455076664,0.006757583783336126,0.01805647540118038,0.05533739818340129
2022-06-05T00:00:00+00:00,0.006342828223558125,0.017370901806326042,0.05316120240843472,0.00636298655559619,0.017522653329770002,0.054599635371474615
2022-06-04T00:00:00+00:00,0.006407626505020173,0.017459800312405804,0.05327973374987441,0.006428199260451608,0.017613113594334994,0.05472464588941186
2022-06-03T00:00:00+00:00,0.006358215913685446,0.017392263747278206,0.053189684996370945,0.006378472276530226,0.017544389820761935,0.0546296735260561
2022-06-02T00:00:00+00:00,0.006352938250386897,0.017384967636453225,0.0531799568486043,0.0063731609638193855,0.01753696573121208,0.05461941398267351
2022-06-01T00:00:00+00:00,0.006197317691467374,0.01716986346835733,0.05289315129114311,0.006216560795478654,0.01731811282774127,0.054316986645239054
2022-05-31T00:00:00+00:00,0.006220028713707068,0.017200871215998618,0.052934494954664825,0.006239413261664781,0.017349658060108332,0.05436057687299065
2022-05-30T00:00:00+00:00,0.006067294247132874,0.0169852866167713,0.05264704882236173,0.006085737557751343,0.017130356781758727,0.054057548557867985
2022-05-29T00:00:00+00:00,0.005730485490020213,0.01651043440790336,0.052013912543871145,0.005746936129845843,0.016647484840867928,0.053390397706356126
2022-05-28T00:00:00+00:00,0.005860255630920226,0.016695247872087204,0.052260330496116274,0.005877460520334283,0.016835392347680025,0.0536500039951558
2022-05-27T00:00:00+00:00,0.005854924256237152,0.016688733097272243,0.05225164412969632,0.005872097825003268,0.016828767915656868,0.053640851644908276
2022-05-26T00:00:00+00:00,0.0058294125929144874,0.01665126406925056,0.05220168542566741,0.00584643668203326,0.016790669043847028,0.05358821442838986
2022-05-25T00:00:00+00:00,0.005751148034044776,0.016539885649730704,0.052053180866307606,0.005767717634886055,0.01667742681269341,0.05343176339225171
2022-05-24T00:00:00+00:00,0.005896467759311923,0.016747671180550604,0.05233022824073414,0.005913886143594863,0.016888699620340897,0.05372365432789562
2022-05-23T00:00:00+00:00,0.005742509975560273,0.016527017975375955,0.05203602396716794,0.005759029792043984,0.016664344622817077,0.053413689924809264
2022-05-22T00:00:00+00:00,0.005610569116595779,0.016336152660299478,0.051781536880399305,0.005626337835703655,0.016470317179598293,0.05314564385271795
2022-05-21T00:00:00+00:00,0.005622419343943101,0.01635322922581986,0.05180430563442648,0.00563825480704061,0.01648767514976697,0.053169622939784174
2022-05-20T00:00:00+00:00,0.005536057940594679,0.016226027140763842,0.05163470285435179,0.005551410226173895,0.01635838402134585,0.05299101759054631
2022-05-19T00:00:00+00:00,0.005275807444399409,0.015838579058580767,0.051118105411441024,0.005289749022963386,0.015964674190830808,0.0524471856075374
2022-05-18T00:00:00+00:00,0.004599671712207055,0.014781839557964721,0.04970911941061963,0.004610266439661647,0.014891631252188791,0.05096534644924684
2022-05-17T00:00:00+00:00,0.004183268998449721,0.014100634568911374,0.04880084609188183,0.004192031081718148,0.014200517431764413,0.050011216038829694
2022-05-16T00:00:00+00:00,0.004063193664921278,0.013896923698828618,0.04852923159843816,0.004071459627648819,0.013993934804289504,0.049726056503199716
2022-05-15T00:00:00+00:00,0.003920247468993312,0.013649529783783443,0.04819937304504459,0.003927941689989373,0.01374310990259225,0.04937985248758998
2022-05-14T00:00:00+00:00,0.003767572581767194,0.013378629309883431,0.04783817241317791,0.0037746788047219562,0.01346852360828232,0.04900088426828067
2022-05-13T00:00:00+00:00,0.004479844957285358,0.014546100741645173,0.04939480098886023,0.004489894463526161,0.014652410098419685,0.050635060590930175
2022-05-12T00:00:00+00:00,0.007307127696646752,0.01858623556074765,0.0547816474143302,0.007333889898613802,0.018760034718924797,0.0563099414351147
2022-05-11T00:00:00+00:00,0.008895001533754639,0.020561315764780062,0.05741508768637341,0.008934679616915889,0.02077415586556261,0.05909533654579585
2022-05-10T00:00:00+00:00,0.007102216379740001,0.01838206049486202,0.05450941399314936,0.007127496931566548,0.01855205055514902,0.056022417704988794
2022-05-09T00:00:00+00:00,0.008268026695070329,0.01981601531640688,0.05642135375520917,0.008302301222478596,0.020013655865693637,0.05804340033435066
2022-05-08T00:00:00+00:00,0.008822289192424889,0.020493900040469235,0.057325200053958976,0.008861320281229618,0.02070534195612779,0.05900014125216964
2022-05-07T00:00:00+00:00,0.009163877559730268,0.02088569345754813,0.05784759127673084,0.009205994437353407,0.021105325940050434,0.05955349815167324
2022-05-06T00:00:00+00:00,0.008935363489983684,0.020621619788069097,0.057495493050758795,0.008975403016113537,0.02083571451008889,0.05918049691572393
2022-05-05T00:00:00+00:00,0.008431504213438265,0.020034105340101017,0.05671214045346802,0.00846714945452629,0.020236134927279253,0.058351110017569666
2022-05-04T00:00:00+00:00,0.008063538345650828,0.01959164947503305,0.05612219930004407,0.008096136229127115,0.01978482531556491,0.05772692927717082
2022-05-03T00:00:00+00:00,0.007798377385206527,0.019266028369508265,0.05568803782601102,0.007828863926147909,0.019452815911121017,0.05726780466956544
2022-05-02T00:00:00+00:00,0.007151216493334609,0.018446901009375124,0.054595868012500166,0.0071768475023912095,0.018618096135318386,0.05611371903399257
2022-05-01T00:00:00+00:00,0.006317084517095342,0.01733965184967241,0.05311953579956321,0.006337079375755341,0.017490856287807534,0.05455569469646141
2022-04-30T00:00:00+00:00,0.006034854772684537,0.016947604251316487,0.05259680566842198,0.006053101194537362,0.01709202962609339,0.054004590712678525
2022-04-29T00:00:00+00:00,0.0059170327730291555,0.01678133454292819,0.05237511272390425,0.005934572989169788,0.01692293208930246,0.05377095123088632
2022-04-28T00:00:00+00:00,0.005365022413058128,0.015972785020715433,0.051297046694287245,0.005379439917225941,0.016101031857157885,0.05263552870742747
2022-04-27T00:00:00+00:00,0.0049481300090194495,0.015345067707005066,0.05046009027600676,0.004960392220586319,0.015463407792068298,0.051754887227663
2022-04-26T00:00:00+00:00,0.004662339841714653,0.014894632158872191,0.049859509545162925,0.0046732254586756795,0.015006109974918162,0.05112341315438876
2022-04-25T00:00:00+00:00,0.004464057732684242,0.01457483994132534,0.04943311992176712,0.004474036481132058,0.014681570815651832,0.050675320576618416
2022-04-24T00:00:00+00:00,0.004367571366275244,0.014416618500231926,0.049222158000309234,0.004377123106698248,0.014521039135452028,0.05045369147098081
2022-04-23T00:00:00+00:00,0.00432086024494856,0.014339167448272697,0.04911888993103026,0.004330208620772179,0.014442466456579633,0.05034521874754552
2022-04-22T00:00:00+00:00,0.00406707731964863,0.013909640634011605,0.04854618751201547,0.004075359102091199,0.014006829781420784,0.04974385571836679
2022-04-21T00:00:00+00:00,0.003643054210154069,0.01316136904307381,0.047548492057431745,0.003649698197617712,0.0132483610836831,0.04869705332845932
2022-04-20T00:00:00+00:00,0.003288059847258586,0.012507563563228519,0.046676751417638024,0.0032934714454604204,0.012586110268228505,0.047783259842933364
2022-04-19T00:00:00+00:00,0.0032261794039968304,0.012389145647332657,0.04651886086311021,0.003231389121592832,0.01246620903080021,0.04761783782288713
2022-04-18T00:00:00+00:00,0.003102037263676725,0.012147534267973327,0.04619671235729777,0.0031068535599389825,0.012221615223090222,0.04728040365714044
2022-04-17T00:00:00+00:00,0.003012394818655984,0.011970006483869243,0.04596000864515899,0.0030169366392240474,0.012041933712488231,0.047032537834844186
2022-04-16T00:00:00+00:00,0.002891261151648493,0.011721601147990156,0.045628801530653545,0.002895444878149512,0.011790568317660292,0.04668581063212586
2022-04-15T00:00:00+00:00,0.0031991094474645826,0.012336036896089633,0.04644804919478618,0.0032042320590721994,0.012412439642609073,0.04754365688260328
2022-04-14T00:00:00+00:00,0.003100982222957855,0.012145543338195435,0.04619405778426058,0.003105795241921487,0.012219599962941544,0.04727762357851255
2022-04-13T00:00:00+00:00,0.002825319387459712,0.01149199269857471,0.04532265693143295,0.0028293143636287086,0.011558279322999658,0.04636542246963716
2022-04-12T00:00:00+00:00,0.0026790505955541816,0.011207114474671723,0.044942819299562294,0.002682642458364783,0.011270149440028725,0.04596804897954403
2022-04-11T00:00:00+00:00,0.0025371239511102085,0.010983654358739534,0.04464487247831938,0.0025403451736171483,0.011044196141990916,0.045656452546559964
2022-04-10T00:00:00+00:00,0.002460871477538959,0.010816004866225207,0.04442133982163361,0.0024639019069798668,0.01087470930324496,0.04542274030420402
2022-04-09T00:00:00+00:00,0.0023339295731437306,0.010534040541322332,0.04404538738842977,0.0023366553068277464,0.010589718878825817,0.04502978495269984
2022-04-08T00:00:00+00:00,0.0021047359443755703,0.009999326314276464,0.04333243508570195,0.002106952455787302,0.010049486626418436,0.04428499409385755
2022-04-07T00:00:00+00:00,0.0019339125432751637,0.009585447198439843,0.042780596264586454,0.0019357837581391827,0.009631534734817843,0.0437088760713602
2022-04-06T00:00:00+00:00,0.0019488257027754717,0.009623612413094963,0.04283148321745995,0.0019507258977074923,0.009670068274367566,0.04376198858703398
2022-04-05T00:00:00+00:00,0.001915025748147581,0.009539824431480142,0.04271976590864019,0.0019168605809611514,0.009585473601333607,0.043645388820006195
2022-04-04T00:00:00+00:00,0.0019059403269072418,0.009517321432257437,0.042689761909676584,0.0019077577855869542,0.009562755155830306,0.04361407575464501
2022-04-03T00:00:00+00:00,0.0018013912469014388,0.00925076092630678,0.04233434790174238,0.0018030147267565776,0.009293681460910464,0.043243226600140364
2022-04-02T00:00:00+00:00,0.0016194954379615087,0.008770714690498966,0.041694286253998625,0.0016208075288694803,0.008809290102865098,0.04257570027420383
2022-04-01T00:00:00+00:00,0.0015275399154568812,0.008517665309383315,0.04135688707917775,0.0015287071987981375,0.008554043832728194,0.04222399542950478
2022-03-31T00:00:00+00:00,0.0014794070072003025,0.008381586045339773,0.04117544806045303,0.0014805018695611576,0.0084168098782916,0.04203491248476081
2022-03-30T00:00:00+00:00,0.0028810290467840122,0.016808754835375892,0.05130803531989225,0.002885183199289725,0.016950816795783932,0.0526470957886852
2022-03-29T00:00:00+00:00,0.00388991008433772,0.023057594476737397,0.058821993095921746,0.0038974856038409334,0.023325475736683123,0.0605864321705578
2022-03-28T00:00:00+00:00,0.003862345926670287,0.02297448790525649,0.05871810988157061,0.0038698143966377223,0.023240434198751915,0.06047626076567095
2022-03-27T00:00:00+00:00,0.003912351037066152,0.02312052590580036,0.05890065738225045,0.003920014272638225,0.023389877097634203,0.06066986572675623
2022-03-26T00:00:00+00:00,0.003918576291377498,0.023138413980064745,0.05892301747508093,0.003926263949487439,0.023408183735478476,0.06069358266852759
2022-03-25T00:00:00+00:00,0.0038964187603818404,0.023072848858772265,0.05884106107346533,0.0039040196686194618,0.023341086053487173,0.060606655601601084
2022-03-24T00:00:00+00:00,0.0039038548883688893,0.023094090345046125,0.058867612931307656,0.0039114848551515145,0.023362823569971904,0.06063481705256245
2022-03-23T00:00:00+00:00,0.0038931517810631908,0.02306094389885649,0.05882617987357061,0.003900739940307106,0.02332890329140424,0.060590872619413996
2022-03-22T00:00:00+00:00,0.0036453635129607112,0.022312601681098013,0.05789075210137252,0.0036520159313585517,0.022563389539823796,0.059599230341233926
2022-03-21T00:00:00+00:00,0.003638857122887639,0.022293570891112995,0.057866963613891244,0.0036454858010898416,0.022543929535895072,0.059574024378061106
2022-03-20T00:00:00+00:00,0.003627786456138285,0.02225954690661039,0.057824433633262985,0.003634374837886323,0.022509139108965712,0.05952896167367753
2022-03-19T00:00:00+00:00,0.0036420450640678673,0.022302954760235836,0.057878693450294796,0.0036486853689640217,0.02255352499931662,0.059586453080894886
2022-03-18T00:00:00+00:00,0.003696552137983081,0.022470085006142775,0.05808760625767847,0.003703392812993773,0.022724438903325005,0.05980783738526977
2022-03-17T00:00:00+00:00,0.0036654957609715878,0.022375939742541588,0.057969924678176986,0.00367222190605272,0.022628158773731734,0.05968312486355489
2022-03-16T00:00:00+00:00,0.003361633308154091,0.021405411155033697,0.05675676394379212,0.003367289933948285,0.021636150376060884,0.05839833839174168
2022-03-15T00:00:00+00:00,0.002288548508877395,0.01737955628408408,0.0517244453551051,0.002291169234771083,0.01753145949504302,0.053085519877953166
2022-03-14T00:00:00+00:00,0.0004448046973381546,0.007743507471881558,0.03967938433985195,0.00044490363761355973,0.00777356596086266,0.0404771274220018
2022-03-13T00:00:00+00:00,0.00040379749845125587,0.007378770940237464,0.03922346367529683,0.0004038790356330151,0.007406061151108625,0.040002860521461944
2022-03-12T00:00:00+00:00,0.00038239335789142886,0.007181629406864793,0.03897703675858099,0.0003824664795493047,0.007207479150553414,0.039746607398615956
2022-03-11T00:00:00+00:00,0.0003598125770483403,0.006963293511157667,0.038704116888947086,0.00035987731735614775,0.0069875936088063355,0.03946287860979504
2022-03-10T00:00:00+00:00,0.00033824448588252407,0.006747642394033473,0.038434552992541844,0.0003383016969970909,0.006770459022861102,0.03918271470914387
2022-03-09T00:00:00+00:00,0.00031854650100792363,0.0065434060795692564,0.03817925759946157,0.00031859724233064725,0.0065648609308551036,0.038917450011700536
2022-03-08T00:00:00+00:00,0.0002964557375694962,0.0063023776259463465,0.037877972032432934,0.0002964996849129782,0.006322279394703846,0.038604486327143174
2022-03-07T00:00:00+00:00,0.00026363777984287604,0.005933435790237729,0.03741679473779716,0.0002636725353354739,0.00595107348660673,0.038125615951073534
2022-03-06T00:00:00+00:00,0.00023589390442612306,0.005600466167106169,0.037000582708882714,0.00023592172958019844,0.005616178094930646,0.037693625488749806
2022-03-05T00:00:00+00:00,0.0002270227188609993,0.005443703749673583,0.03680462968709198,0.0002270484904678314,0.005458547627460146,0.037490306208544474
2022-03-04T00:00:00+00:00,0.00020492059385697795,0.005204781379236528,0.03650597672404566,0.00020494159151546515,0.005218349783387106,0.03718050291896146
2022-03-03T00:00:00+00:00,0.0002015335465112668,0.005142944513447454,0.03642868064180932,0.00020155385576011618,0.005156192153049363,0.03710033602793982
2022-03-02T00:00:00+00:00,0.00020603660319174998,0.00518864570608236,0.03648580713260295,0.0002060578301898254,0.005202130039507697,0.03715958362295698
2022-03-01T00:00:00+00:00,0.00020458941285505283,0.005161383553775146,0.03645172944221893,0.00020461034269563221,0.005174726439485776,0.03712424022204249
2022-02-28T00:00:00+00:00,0.00018982285929861745,0.004939279742302471,0.03617409967787809,0.00018984087679702855,0.004951498092434323,0.03683634363014967
2022-02-27T00:00:00+00:00,0.00014777898172830227,0.0043570715449736,0.035446339431217,0.00014778990157957787,0.004366577381751837,0.03608204986361923
2022-02-26T00:00:00+00:00,0.00015755935723238266,0.004519174085997546,0.03564896760749693,0.00015757177035944096,0.00452940095274278,0.03629201055087999
2022-02-25T00:00:00+00:00,0.00017203124133401243,0.004738538034273218,0.035923172542841525,0.00017204603955611394,0.004749782659279319,0.0365762058964112
2022-02-24T00:00:00+00:00,0.00018245921789657402,0.004876635409462324,0.03609579426182791,0.0001824758645915761,0.00488854554814007,0.03675515690770031
2022-02-23T00:00:00+00:00,0.0001854103672537298,0.004908009967862486,0.03613501245982811,0.0001854275568176853,0.004920073977085814,0.03679581737398498
2022-02-22T00:00:00+00:00,0.00018441131646235087,0.004895095348429925,0.03611886918553741,0.00018442832127390848,0.004907095900575916,0.03677908022983735
2022-02-21T00:00:00+00:00,0.00018275271754397392,0.0048717191568845705,0.03608964894610572,0.00018276941783865509,0.004883605274382254,0.03674878573951824
2022-02-20T00:00:00+00:00,0.00017838538797326702,0.004809028375356268,0.03601128546919533,0.000178401299592203,0.004820610310454686,0.03666754568324615
2022-02-19T00:00:00+00:00,0.0001767393322048988,0.004789126626569838,0.0359864082832123,0.0001767549515203465,0.004800612822089058,0.03664175663271988
2022-02-18T00:00:00+00:00,0.0001774440300999029,0.004805147773169943,0.03600643471646243,0.00017745977422253242,0.004816711008963868,0.036662517077517824
2022-02-17T00:00:00+00:00,0.0001401711364061094,0.0042051740700125555,0.035256467587515695,0.00014018096083856713,0.00421402822094247,0.03588534572968553
2022-02-16T00:00:00+00:00,0.00010483436600344908,0.0036595265857587915,0.03457440823219849,0.0001048398613174534,0.003666230828585555,0.03517905133410761
2022-02-15T00:00:00+00:00,9.75241907263061e-05,0.0035319908375555623,0.034414988546944456,9.752894636463903e-05,0.0035382356670579473,0.03501403656939327
2022-02-14T00:00:00+00:00,9.838553316706108e-05,0.003549516538465213,0.034436895673081516,9.839037318220374e-05,0.0035558235321450533,0.035036711000786175
2022-02-13T00:00:00+00:00,9.832884681851616e-05,0.0035457291637041926,0.03443216145463024,9.833368125787483e-05,0.003552022697345758,0.03503181092249559
2022-02-12T00:00:00+00:00,0.00010131712195797007,0.0036032262894543465,0.03450403286181793,0.00010132225471075202,0.003609725713047946,0.03510620278844133
2022-02-11T00:00:00+00:00,0.00010444639812308923,0.003606140163796667,0.03450767520474583,0.00010445185283786349,0.003612650109937731,0.035109973007060764
2022-02-10T00:00:00+00:00,0.0001098226229770562,0.003690250292893526,0.03461281286611691,0.00010982865370189174,0.0036970676496272657,0.035218807769981306
2022-02-09T00:00:00+00:00,0.0001084074460734126,0.003700210536984363,0.03462526317123046,0.0001084133223727513,0.0037070647671999246,0.03523169664021819
2022-02-08T00:00:00+00:00,0.00010548374913276693,0.003643617032336428,0.03455452129042053,0.00010548931273887769,0.0036502630740900726,0.035158464993306895
2022-02-07T00:00:00+00:00,0.00010380745842575549,0.0036123411036146874,0.034515426379518356,0.00010381284660623987,0.003618873470876278,0.0351179963564567
2022-02-06T00:00:00+00:00,0.00010376385926447276,0.0036111146618745048,0.03451389332734313,0.00010376924291975476,0.00361764259155356,0.03511640946777889
2022-02-05T00:00:00+00:00,0.00010384702023130597,0.0036094085341551573,0.034511760667693944,0.0001038524125195965,0.003615930293134805,0.035114201919136605
2022-02-04T00:00:00+00:00,9.803746089958503e-05,0.0035109544799204746,0.03438869309990059,9.804226672835157e-05,0.003517125099879827,0.034986820770462064
2022-02-03T00:00:00+00:00,8.628609244769531e-05,0.0032996734282288655,0.03412459178528608,8.628981519952534e-05,0.003305123343086785,0.03471351548251626
2022-02-02T00:00:00+00:00,8.225811380606922e-05,0.0032144845725373995,0.03401810571567175,8.226149709737249e-05,0.003219656568188693,0.034603338773441204
2022-02-01T00:00:00+00:00,7.9020040100526e-05,0.0031429360799021464,0.033928670099877684,7.902316226603307e-05,0.003147880281759588,0.034510812524467784
